{"SystolicBP": 0.16835963478367078, "CholesterolTotal": 0.2046592989787797, "CholesterolLDL": 0.20362470881887026, "CholesterolHDL": 0.21553761130813062, "CholesterolTriglycerides": 0.20781874611054874}