{"BMI": 0.19617733134476573, "PhysicalActivity": 0.19132919301981238, "DietQuality": 0.19588838342827544, "SleepQuality": 0.2024896957549555, "Smoking": 0.0229025814599068, "AlcoholConsumption": 0.1912128149922842}